CLV_quartile,Churn
Low,34.27922814982974
Med,31.363636363636367
High,26.477272727272727
Premium,14.026121521862578
